{"gdp": 40214, "updated": "2015-10-01T07:35:13", "region-number": 39, "name": "Andorra", "countryCode": "AD", "type": "country", "population": 80792}
{"gdp": 41433, "updated": "2015-09-11T08:31:38", "region-number": 145, "name": "United Arab Emirates", "countryCode": "AE", "type": "country", "population": 9693829.0}
{"gdp": 650, "updated": "2015-09-03T21:08:49", "region-number": 34, "name": "Afghanistan", "countryCode": "AF", "type": "country", "population": 32059823.0}
{"gdp": 13812, "updated": "2015-09-12T19:47:41", "region-number": 29, "name": "Antigua and Barbuda", "countryCode": "AG", "type": "country", "population": 91873}
{"gdp": 0, "updated": "2015-09-04T22:15:09", "region-number": 29, "name": "Anguilla", "countryCode": "AI", "type": "country", "population": 14640}
{"gdp": 4184, "updated": "2015-09-12T20:19:13", "region-number": 39, "name": "Albania", "countryCode": "AL", "type": "country", "population": 3195196.0}
{"gdp": 3640, "updated": "2015-09-01T20:26:21", "region-number": 145, "name": "Armenia", "countryCode": "AM", "type": "country", "population": 2989427.0}
{"gdp": 0, "updated": "2015-09-27T05:45:24", "region-number": 29, "name": "Netherlands Antilles", "countryCode": "AN", "type": "country", "population": 0}
{"gdp": 5750, "updated": "2015-09-16T13:43:28", "region-number": 17, "name": "Angola", "countryCode": "AO", "type": "country", "population": 22850336.0}
{"gdp": 0, "updated": "2015-09-26T02:02:08", "region-number": 990, "name": "Asia Pacific", "countryCode": "AP", "type": "country", "population": 0}
{"gdp": 0, "updated": "2015-09-09T16:29:53", "region-number": 990, "name": "Antartica", "countryCode": "AQ", "type": "country", "population": 0}
{"gdp": 12807, "updated": "2015-09-17T07:33:38", "region-number": 5, "name": "Argentina", "countryCode": "AR", "type": "country", "population": 42178712.0}
{"gdp": 0, "updated": "2015-09-11T00:13:29", "region-number": 61, "name": "American Samoa", "countryCode": "AS", "type": "country", "population": 55300}
{"gdp": 50980, "updated": "2015-09-18T22:20:06", "region-number": 155, "name": "Austria", "countryCode": "AT", "type": "country", "population": 8559096.0}
{"gdp": 60692, "updated": "2015-09-02T22:52:10", "region-number": 53, "name": "Australia", "countryCode": "AU", "type": "country", "population": 23952938.0}
{"gdp": 0, "updated": "2015-09-15T01:48:28", "region-number": 29, "name": "Aruba", "countryCode": "AW", "type": "country", "population": 103911}
{"gdp": 0, "updated": "2015-09-08T04:32:54", "region-number": 154, "name": "Aland Islands", "countryCode": "AX", "type": "country", "population": 26257}
{"gdp": 7813, "updated": "2015-09-10T10:29:43", "region-number": 145, "name": "Azerbaijan", "countryCode": "AZ", "type": "country", "population": 9624644.0}
{"gdp": 4802, "updated": "2015-09-25T21:04:45", "region-number": 39, "name": "Bosnia and Herzegovina", "countryCode": "BA", "type": "country", "population": 3819291.0}
{"gdp": 15120, "updated": "2015-09-10T19:38:50", "region-number": 29, "name": "Barbados", "countryCode": "BB", "type": "country", "population": 287552}
{"gdp": 1083, "updated": "2015-09-21T00:12:15", "region-number": 34, "name": "Bangladesh", "countryCode": "BD", "type": "country", "population": 160481340.0}
{"gdp": 47643, "updated": "2015-09-03T01:03:34", "region-number": 155, "name": "Belgium", "countryCode": "BE", "type": "country", "population": 11195239.0}
{"gdp": 699, "updated": "2015-09-01T13:08:16", "region-number": 11, "name": "Burkina Faso", "countryCode": "BF", "type": "country", "population": 17935388.0}
{"gdp": 7837, "updated": "2015-09-19T15:29:21", "region-number": 151, "name": "Bulgaria", "countryCode": "BG", "type": "country", "population": 7111059.0}
{"gdp": 24770, "updated": "2015-09-28T17:31:04", "region-number": 145, "name": "Bahrain", "countryCode": "BH", "type": "country", "population": 1367326.0}
{"gdp": 285, "updated": "2015-09-16T02:29:01", "region-number": 14, "name": "Burundi", "countryCode": "BI", "type": "country", "population": 10827511.0}
{"gdp": 802, "updated": "2015-09-27T14:06:51", "region-number": 11, "name": "Benin", "countryCode": "BJ", "type": "country", "population": 10896575.0}
{"gdp": 0, "updated": "2015-09-23T13:47:54", "region-number": 29, "name": "Saint Barthelemy", "countryCode": "BL", "type": "country", "population": 9035}
{"gdp": 84979, "updated": "2015-09-18T02:37:32", "region-number": 21, "name": "Bermuda", "countryCode": "BM", "type": "country", "population": 65592}
{"gdp": 40211, "updated": "2015-09-06T06:08:45", "region-number": 35, "name": "Brunei Darussalam", "countryCode": "BN", "type": "country", "population": 429153}
{"gdp": 3097, "updated": "2015-09-15T21:10:05", "region-number": 5, "name": "Bolivia", "countryCode": "BO", "type": "country", "population": 11032877.0}
{"gdp": 0, "updated": "2015-09-17T05:30:32", "region-number": 29, "name": "Bonaire, Saint Eustatius and Saba", "countryCode": "BQ", "type": "country", "population": 20020}
{"gdp": 11511, "updated": "2015-09-02T04:00:47", "region-number": 5, "name": "Brazil", "countryCode": "BR", "type": "country", "population": 203815220.0}
{"gdp": 0, "updated": "2015-09-11T06:05:11", "region-number": 29, "name": "Bahamas", "countryCode": "BS", "type": "country", "population": 388334}
{"gdp": 2339, "updated": "2015-09-03T06:02:06", "region-number": 34, "name": "Bhutan", "countryCode": "BT", "type": "country", "population": 778264}
{"gdp": 0, "updated": "2015-10-01T09:40:30", "region-number": 990, "name": "Bouvet Island", "countryCode": "BV", "type": "country", "population": 0}
{"gdp": 7687, "updated": "2015-09-19T12:03:51", "region-number": 18, "name": "Botswana", "countryCode": "BW", "type": "country", "population": 2056945.0}
{"gdp": 8222, "updated": "2015-09-11T21:08:40", "region-number": 151, "name": "Belarus", "countryCode": "BY", "type": "country", "population": 9259740.0}
{"gdp": 4664, "updated": "2015-09-12T14:37:45", "region-number": 13, "name": "Belize", "countryCode": "BZ", "type": "country", "population": 348177}
{"gdp": 49776, "updated": "2015-09-19T18:01:26", "region-number": 21, "name": "Canada", "countryCode": "CA", "type": "country", "population": 35893469.0}
{"gdp": 0, "updated": "2015-09-24T19:08:43", "region-number": 990, "name": "Cocos and Keeling Islands", "countryCode": "CC", "type": "country", "population": 596}
{"gdp": 0, "updated": "2015-09-21T01:37:45", "region-number": 17, "name": "Democratic Republic of the Congo", "countryCode": "CD", "type": "country", "population": 71323522.0}
{"gdp": 370, "updated": "2015-09-24T03:30:15", "region-number": 17, "name": "Central African Republic", "countryCode": "CF", "type": "country", "population": 4806375.0}
{"gdp": 0, "updated": "2015-09-19T00:40:40", "region-number": 17, "name": "Congo", "countryCode": "CG", "type": "country", "population": 4679663.0}
{"gdp": 83141, "updated": "2015-09-23T16:33:04", "region-number": 155, "name": "Switzerland", "countryCode": "CH", "type": "country", "population": 8244186.0}
{"gdp": 1607, "updated": "2015-09-20T12:39:18", "region-number": 11, "name": "Cote d'Ivoire", "countryCode": "CI", "type": "country", "population": 21304248.0}
{"gdp": 0, "updated": "2015-09-25T15:02:55", "region-number": 61, "name": "Cook Islands", "countryCode": "CK", "type": "country", "population": 20847}
{"gdp": 14387, "updated": "2015-09-03T12:21:22", "region-number": 5, "name": "Chile", "countryCode": "CL", "type": "country", "population": 17936070.0}
{"gdp": 1389, "updated": "2015-09-13T11:46:44", "region-number": 17, "name": "Cameroon", "countryCode": "CM", "type": "country", "population": 23417055.0}
{"gdp": 7386, "updated": "2015-09-02T00:47:22", "region-number": 30, "name": "China", "countryCode": "CN", "type": "country", "population": 1402562765.0}
{"gdp": 7618, "updated": "2015-09-19T21:27:46", "region-number": 5, "name": "Colombia", "countryCode": "CO", "type": "country", "population": 49584801.0}
{"gdp": 0, "updated": "2015-09-17T12:49:32", "region-number": 990, "name": "Clipperton Island", "countryCode": "CP", "type": "country", "population": 0}
{"gdp": 9894, "updated": "2015-09-27T05:17:29", "region-number": 13, "name": "Costa Rica", "countryCode": "CR", "type": "country", "population": 5008388.0}
{"gdp": 6856, "updated": "2015-09-11T23:38:31", "region-number": 29, "name": "Cuba", "countryCode": "CU", "type": "country", "population": 11251681.0}
{"gdp": 0, "updated": "2015-09-15T20:58:10", "region-number": 11, "name": "Cape Verde", "countryCode": "CV", "type": "country", "population": 507999}
{"gdp": 0, "updated": "2015-09-21T13:51:22", "region-number": 29, "name": "Curacao", "countryCode": "CW", "type": "country", "population": 165490}
{"gdp": 0, "updated": "2015-09-08T20:08:29", "region-number": 990, "name": "Christmas Island", "countryCode": "CX", "type": "country", "population": 255}
{"gdp": 19919, "updated": "2015-09-20T02:00:48", "region-number": 145, "name": "Cyprus", "countryCode": "CY", "type": "country", "population": 1165975.0}
{"gdp": 19052, "updated": "2015-09-12T04:33:33", "region-number": 151, "name": "Czech Republic", "countryCode": "CZ", "type": "country", "population": 10787320.0}
{"gdp": 46665, "updated": "2015-09-14T05:15:52", "region-number": 155, "name": "Germany", "countryCode": "DE", "type": "country", "population": 82557602.0}
{"gdp": 1757, "updated": "2015-09-25T09:23:20", "region-number": 14, "name": "Djibouti", "countryCode": "DJ", "type": "country", "population": 900292}
{"gdp": 60379, "updated": "2015-09-21T07:22:44", "region-number": 154, "name": "Denmark", "countryCode": "DK", "type": "country", "population": 5663378.0}
{"gdp": 0, "updated": "2015-09-22T17:18:34", "region-number": 29, "name": "Dominica", "countryCode": "DM", "type": "country", "population": 72658}
{"gdp": 5998, "updated": "2015-09-07T16:33:18", "region-number": 29, "name": "Dominican Republic", "countryCode": "DO", "type": "country", "population": 10663782.0}
{"gdp": 5260, "updated": "2015-09-20T12:39:05", "region-number": 15, "name": "Algeria", "countryCode": "DZ", "type": "country", "population": 40693832.0}
{"gdp": 0, "updated": "2015-09-12T11:46:37", "region-number": 990, "name": "Ceuta and Melilla", "countryCode": "EA", "type": "country", "population": 84018}
{"gdp": 6189, "updated": "2015-09-05T23:13:10", "region-number": 5, "name": "Ecuador", "countryCode": "EC", "type": "country", "population": 16243623.0}
{"gdp": 20238, "updated": "2015-09-27T03:24:09", "region-number": 154, "name": "Estonia", "countryCode": "EE", "type": "country", "population": 1279975.0}
{"gdp": 0, "updated": "2015-09-25T21:58:09", "region-number": 15, "name": "Egypt", "countryCode": "EG", "type": "country", "population": 84801801.0}
{"gdp": 0, "updated": "2015-09-04T18:42:23", "region-number": 15, "name": "Western Sahara", "countryCode": "EH", "type": "country", "population": 605230}
{"gdp": 571, "updated": "2015-09-15T22:52:57", "region-number": 14, "name": "Eritrea", "countryCode": "ER", "type": "country", "population": 6753997.0}
{"gdp": 29701, "updated": "2015-09-26T21:59:10", "region-number": 39, "name": "Spain", "countryCode": "ES", "type": "country", "population": 47280045.0}
{"gdp": 553, "updated": "2015-09-05T05:21:51", "region-number": 14, "name": "Ethiopia", "countryCode": "ET", "type": "country", "population": 99069073.0}
{"gdp": 0, "updated": "2015-10-01T09:18:04", "region-number": 155, "name": "European Union", "countryCode": "EU", "type": "country", "population": 0}
{"gdp": 49547, "updated": "2015-09-06T18:00:05", "region-number": 154, "name": "Finland", "countryCode": "FI", "type": "country", "population": 5462936.0}
{"gdp": 4508, "updated": "2015-09-11T23:07:50", "region-number": 54, "name": "Fiji", "countryCode": "FJ", "type": "country", "population": 893805}
{"gdp": 0, "updated": "2015-09-29T23:55:30", "region-number": 5, "name": "Falkland Islands", "countryCode": "FK", "type": "country", "population": 5993}
{"gdp": 0, "updated": "2015-09-07T18:33:41", "region-number": 57, "name": "Micronesia (Federated States of)", "countryCode": "FM", "type": "country", "population": 104078}
{"gdp": 0, "updated": "2015-09-08T00:10:13", "region-number": 154, "name": "Faroe Islands", "countryCode": "FO", "type": "country", "population": 49442}
{"gdp": 43519, "updated": "2015-09-24T17:10:38", "region-number": 155, "name": "France", "countryCode": "FR", "type": "country", "population": 65009398.0}
{"gdp": 0, "updated": "2015-09-02T01:16:28", "region-number": 155, "name": "Metropolitan France", "countryCode": "FX", "type": "country", "population": 0}
{"gdp": 9825, "updated": "2015-09-08T12:39:26", "region-number": 17, "name": "Gabon", "countryCode": "GA", "type": "country", "population": 1753358.0}
{"gdp": 46065, "updated": "2015-09-26T02:18:31", "region-number": 154, "name": "United Kingdom of Great Britain and Northern Ireland", "countryCode": "GB", "type": "country", "population": 63862690.0}
{"gdp": 0, "updated": "2015-09-10T13:59:32", "region-number": 29, "name": "Grenada", "countryCode": "GD", "type": "country", "population": 106726}
{"gdp": 3839, "updated": "2015-09-28T00:13:58", "region-number": 145, "name": "Georgia", "countryCode": "GE", "type": "country", "population": 4305425.0}
{"gdp": 0, "updated": "2015-09-12T19:59:49", "region-number": 5, "name": "French Guiana", "countryCode": "GF", "type": "country", "population": 262059}
{"gdp": 0, "updated": "2015-09-09T19:49:52", "region-number": 154, "name": "Guernsey", "countryCode": "GG", "type": "country", "population": 163620}
{"gdp": 1429, "updated": "2015-09-06T02:45:21", "region-number": 11, "name": "Ghana", "countryCode": "GH", "type": "country", "population": 27027441.0}
{"gdp": 0, "updated": "2015-09-08T19:21:39", "region-number": 39, "name": "Gibraltar", "countryCode": "GI", "type": "country", "population": 29356}
{"gdp": 0, "updated": "2015-09-02T03:02:33", "region-number": 21, "name": "Greenland", "countryCode": "GL", "type": "country", "population": 57316}
{"gdp": 0, "updated": "2015-09-24T21:36:19", "region-number": 11, "name": "Gambia", "countryCode": "GM", "type": "country", "population": 1972114.0}
{"gdp": 535, "updated": "2015-09-23T12:17:46", "region-number": 11, "name": "Guinea", "countryCode": "GN", "type": "country", "population": 12362134.0}
{"gdp": 0, "updated": "2015-09-08T09:56:44", "region-number": 29, "name": "Guadeloupe", "countryCode": "GP", "type": "country", "population": 470452}
{"gdp": 17874, "updated": "2015-09-11T13:15:14", "region-number": 17, "name": "Equatorial Guinea", "countryCode": "GQ", "type": "country", "population": 800458}
{"gdp": 21343, "updated": "2015-09-14T02:54:10", "region-number": 39, "name": "Greece", "countryCode": "GR", "type": "country", "population": 11131648.0}
{"gdp": 0, "updated": "2015-09-18T08:40:02", "region-number": 990, "name": "South Georgia and South Sandwich Islands", "countryCode": "GS", "type": "country", "population": 30}
{"gdp": 3608, "updated": "2015-10-01T04:17:40", "region-number": 13, "name": "Guatemala", "countryCode": "GT", "type": "country", "population": 16273327.0}
{"gdp": 0, "updated": "2015-09-09T11:36:12", "region-number": 57, "name": "Guam", "countryCode": "GU", "type": "country", "population": 169760}
{"gdp": 571, "updated": "2015-09-13T13:07:54", "region-number": 11, "name": "Guinea-Bissau", "countryCode": "GW", "type": "country", "population": 1789183.0}
{"gdp": 3994, "updated": "2015-09-14T22:04:06", "region-number": 5, "name": "Guyana", "countryCode": "GY", "type": "country", "population": 808187}
{"gdp": 0, "updated": "2015-09-15T14:11:27", "region-number": 30, "name": "Hong Kong Special Administrative Region of China", "countryCode": "HK", "type": "country", "population": 7315120.0}
{"gdp": 0, "updated": "2015-09-22T09:45:46", "region-number": 990, "name": "Heard and McDonald Islands", "countryCode": "HM", "type": "country", "population": 0}
{"gdp": 2298, "updated": "2015-09-11T12:29:18", "region-number": 13, "name": "Honduras", "countryCode": "HN", "type": "country", "population": 8433012.0}
{"gdp": 13448, "updated": "2015-09-18T15:45:25", "region-number": 39, "name": "Croatia", "countryCode": "HR", "type": "country", "population": 4254921.0}
{"gdp": 821, "updated": "2015-09-26T19:48:10", "region-number": 29, "name": "Haiti", "countryCode": "HT", "type": "country", "population": 10611818.0}
{"gdp": 13832, "updated": "2015-09-22T16:57:37", "region-number": 151, "name": "Hungary", "countryCode": "HU", "type": "country", "population": 9911766.0}
{"gdp": 3470, "updated": "2015-09-05T14:35:28", "region-number": 35, "name": "Indonesia", "countryCode": "ID", "type": "country", "population": 256002251.0}
{"gdp": 51966, "updated": "2015-09-03T14:13:28", "region-number": 154, "name": "Ireland", "countryCode": "IE", "type": "country", "population": 4732269.0}
{"gdp": 38372, "updated": "2015-09-03T09:20:43", "region-number": 145, "name": "Israel", "countryCode": "IL", "type": "country", "population": 7928136.0}
{"gdp": 0, "updated": "2015-09-28T22:42:28", "region-number": 154, "name": "Isle of Man", "countryCode": "IM", "type": "country", "population": 87120}
{"gdp": 1610, "updated": "2015-09-04T13:57:06", "region-number": 34, "name": "India", "countryCode": "IN", "type": "country", "population": 1283697512.0}
{"gdp": 0, "updated": "2015-09-13T05:09:05", "region-number": 990, "name": "British Indian Ocean Territory", "countryCode": "IO", "type": "country", "population": 3000}
{"gdp": 6157, "updated": "2015-10-01T10:50:41", "region-number": 145, "name": "Iraq", "countryCode": "IQ", "type": "country", "population": 35813062.0}
{"gdp": 0, "updated": "2015-09-05T08:05:10", "region-number": 34, "name": "Iran (Islamic Republic of)", "countryCode": "IR", "type": "country", "population": 79534708.0}
{"gdp": 50641, "updated": "2015-09-16T21:14:03", "region-number": 154, "name": "Iceland", "countryCode": "IS", "type": "country", "population": 337096}
{"gdp": 35036, "updated": "2015-09-09T18:33:01", "region-number": 39, "name": "Italy", "countryCode": "IT", "type": "country", "population": 61202470.0}
{"gdp": 0, "updated": "2015-09-10T10:34:18", "region-number": 154, "name": "Jersey", "countryCode": "JE", "type": "country", "population": 97857}
{"gdp": 5103, "updated": "2015-09-30T10:44:17", "region-number": 29, "name": "Jamaica", "countryCode": "JM", "type": "country", "population": 2813902.0}
{"gdp": 4605, "updated": "2015-09-28T11:06:38", "region-number": 145, "name": "Jordan", "countryCode": "JO", "type": "country", "population": 7778431.0}
{"gdp": 36263, "updated": "2015-09-28T10:02:31", "region-number": 30, "name": "Japan", "countryCode": "JP", "type": "country", "population": 126888744.0}
{"gdp": 1301, "updated": "2015-09-16T14:00:27", "region-number": 14, "name": "Kenya", "countryCode": "KE", "type": "country", "population": 46811559.0}
{"gdp": 0, "updated": "2015-09-23T20:40:08", "region-number": 143, "name": "Kyrgyzstan", "countryCode": "KG", "type": "country", "population": 5704249.0}
{"gdp": 1065, "updated": "2015-09-21T23:26:16", "region-number": 35, "name": "Cambodia", "countryCode": "KH", "type": "country", "population": 15688675.0}
{"gdp": 0, "updated": "2015-09-16T21:09:28", "region-number": 57, "name": "Kiribati", "countryCode": "KI", "type": "country", "population": 105606}
{"gdp": 0, "updated": "2015-09-01T19:06:13", "region-number": 14, "name": "Comoros", "countryCode": "KM", "type": "country", "population": 771215}
{"gdp": 0, "updated": "2015-09-06T23:31:51", "region-number": 29, "name": "Saint Kitts and Nevis", "countryCode": "KN", "type": "country", "population": 55430}
{"gdp": 0, "updated": "2015-09-28T05:06:18", "region-number": 30, "name": "Democratic People's Republic of Korea", "countryCode": "KP", "type": "country", "population": 25164159.0}
{"gdp": 0, "updated": "2015-09-28T18:05:37", "region-number": 30, "name": "Republic of Korea", "countryCode": "KR", "type": "country", "population": 49784193.0}
{"gdp": 48703, "updated": "2015-09-27T01:22:54", "region-number": 145, "name": "Kuwait", "countryCode": "KW", "type": "country", "population": 3610138.0}
{"gdp": 0, "updated": "2015-09-23T09:37:56", "region-number": 29, "name": "Cayman Islands", "countryCode": "KY", "type": "country", "population": 60179}
{"gdp": 12643, "updated": "2015-09-25T12:59:25", "region-number": 143, "name": "Kazakhstan", "countryCode": "KZ", "type": "country", "population": 16786514.0}
{"gdp": 0, "updated": "2015-09-19T00:57:41", "region-number": 35, "name": "Lao People's Democratic Republic", "countryCode": "LA", "type": "country", "population": 7027742.0}
{"gdp": 8926, "updated": "2015-09-05T04:31:32", "region-number": 145, "name": "Lebanon", "countryCode": "LB", "type": "country", "population": 5123082.0}
{"gdp": 0, "updated": "2015-09-30T07:30:49", "region-number": 29, "name": "Saint Lucia", "countryCode": "LC", "type": "country", "population": 185190}
{"gdp": 146440, "updated": "2015-09-24T21:24:53", "region-number": 155, "name": "Liechtenstein", "countryCode": "LI", "type": "country", "population": 37476}
{"gdp": 3465, "updated": "2015-09-22T10:15:42", "region-number": 34, "name": "Sri Lanka", "countryCode": "LK", "type": "country", "population": 21625508.0}
{"gdp": 448, "updated": "2015-09-19T08:48:20", "region-number": 11, "name": "Liberia", "countryCode": "LR", "type": "country", "population": 4515066.0}
{"gdp": 984, "updated": "2015-09-08T13:24:54", "region-number": 18, "name": "Lesotho", "countryCode": "LS", "type": "country", "population": 2121030.0}
{"gdp": 16089, "updated": "2015-09-30T05:44:56", "region-number": 154, "name": "Lithuania", "countryCode": "LT", "type": "country", "population": 2993943.0}
{"gdp": 11476, "updated": "2015-09-20T21:43:07", "region-number": 155, "name": "Luxembourg", "countryCode": "LU", "type": "country", "population": 544288}
{"gdp": 15733, "updated": "2015-09-11T01:52:06", "region-number": 154, "name": "Latvia", "countryCode": "LV", "type": "country", "population": 2028914.0}
{"gdp": 6514, "updated": "2015-09-21T15:38:41", "region-number": 15, "name": "Libya", "countryCode": "LY", "type": "country", "population": 6311720.0}
{"gdp": 3148, "updated": "2015-09-28T20:36:00", "region-number": 15, "name": "Morocco", "countryCode": "MA", "type": "country", "population": 33984915.0}
{"gdp": 0, "updated": "2015-09-22T15:26:39", "region-number": 155, "name": "Monaco", "countryCode": "MC", "type": "country", "population": 38377}
{"gdp": 2313, "updated": "2015-09-21T04:10:04", "region-number": 151, "name": "Republic of Moldova", "countryCode": "MD", "type": "country", "population": 3433380.0}
{"gdp": 7369, "updated": "2015-09-27T22:25:35", "region-number": 39, "name": "Montenegro", "countryCode": "ME", "type": "country", "population": 621853}
{"gdp": 0, "updated": "2015-09-12T06:57:56", "region-number": 29, "name": "Saint Martin", "countryCode": "MF", "type": "country", "population": 36824}
{"gdp": 436, "updated": "2015-09-14T23:19:01", "region-number": 14, "name": "Madagascar", "countryCode": "MG", "type": "country", "population": 24256647.0}
{"gdp": 0, "updated": "2015-09-30T02:36:53", "region-number": 57, "name": "Marshall Islands", "countryCode": "MH", "type": "country", "population": 52890}
{"gdp": 0, "updated": "2015-09-14T11:06:25", "region-number": 39, "name": "The former Yugoslav Republic of Macedonia", "countryCode": "MK", "type": "country", "population": 2109905.0}
{"gdp": 742, "updated": "2015-09-11T21:20:50", "region-number": 11, "name": "Mali", "countryCode": "ML", "type": "country", "population": 16262520.0}
{"gdp": 1187, "updated": "2015-09-24T18:43:59", "region-number": 35, "name": "Myanmar", "countryCode": "MM", "type": "country", "population": 54189860.0}
{"gdp": 4106, "updated": "2015-09-17T00:29:08", "region-number": 30, "name": "Mongolia", "countryCode": "MN", "type": "country", "population": 2926202.0}
{"gdp": 0, "updated": "2015-09-30T11:01:31", "region-number": 30, "name": "Macao Special Administrative Region of China", "countryCode": "MO", "type": "country", "population": 586152}
{"gdp": 0, "updated": "2015-09-04T22:07:29", "region-number": 57, "name": "Northern Mariana Islands", "countryCode": "MP", "type": "country", "population": 54783}
{"gdp": 0, "updated": "2015-09-16T00:12:33", "region-number": 29, "name": "Martinique", "countryCode": "MQ", "type": "country", "population": 405725}
{"gdp": 1238, "updated": "2015-09-15T09:33:46", "region-number": 11, "name": "Mauritania", "countryCode": "MR", "type": "country", "population": 4086171.0}
{"gdp": 0, "updated": "2015-09-05T12:06:27", "region-number": 29, "name": "Montserrat", "countryCode": "MS", "type": "country", "population": 5182}
{"gdp": 22347, "updated": "2015-09-16T15:58:25", "region-number": 39, "name": "Malta", "countryCode": "MT", "type": "country", "population": 431507}
{"gdp": 10061, "updated": "2015-09-03T14:25:32", "region-number": 14, "name": "Mauritius", "countryCode": "MU", "type": "country", "population": 1253950.0}
{"gdp": 8457, "updated": "2015-09-12T20:39:55", "region-number": 34, "name": "Maldives", "countryCode": "MV", "type": "country", "population": 358490}
{"gdp": 245, "updated": "2015-09-15T11:29:17", "region-number": 14, "name": "Malawi", "countryCode": "MW", "type": "country", "population": 17327609.0}
{"gdp": 10232, "updated": "2015-09-17T05:59:22", "region-number": 13, "name": "Mexico", "countryCode": "MX", "type": "country", "population": 125358746.0}
{"gdp": 10651, "updated": "2015-09-15T04:09:04", "region-number": 35, "name": "Malaysia", "countryCode": "MY", "type": "country", "population": 30694838.0}
{"gdp": 603, "updated": "2015-09-22T14:23:33", "region-number": 14, "name": "Mozambique", "countryCode": "MZ", "type": "country", "population": 27154558.0}
{"gdp": 5610, "updated": "2015-09-03T04:55:29", "region-number": 18, "name": "Namibia", "countryCode": "NA", "type": "country", "population": 2393675.0}
{"gdp": 0, "updated": "2015-09-05T14:07:38", "region-number": 54, "name": "New Caledonia", "countryCode": "NC", "type": "country", "population": 263387}
{"gdp": 423, "updated": "2015-09-12T03:32:33", "region-number": 11, "name": "Niger", "countryCode": "NE", "type": "country", "population": 19277910.0}
{"gdp": 0, "updated": "2015-09-18T17:09:08", "region-number": 53, "name": "Norfolk Island", "countryCode": "NF", "type": "country", "population": 2169}
{"gdp": 3095, "updated": "2015-09-10T08:36:41", "region-number": 11, "name": "Nigeria", "countryCode": "NG", "type": "country", "population": 183683623.0}
{"gdp": 1885, "updated": "2015-09-02T06:47:32", "region-number": 13, "name": "Nicaragua", "countryCode": "NI", "type": "country", "population": 6261693.0}
{"gdp": 51601, "updated": "2015-09-13T11:14:27", "region-number": 155, "name": "Netherlands", "countryCode": "NL", "type": "country", "population": 16850394.0}
{"gdp": 97199, "updated": "2015-09-06T06:28:46", "region-number": 154, "name": "Norway", "countryCode": "NO", "type": "country", "population": 5145095.0}
{"gdp": 689, "updated": "2015-09-11T11:01:34", "region-number": 34, "name": "Nepal", "countryCode": "NP", "type": "country", "population": 28458590.0}
{"gdp": 0, "updated": "2015-09-15T10:30:39", "region-number": 57, "name": "Nauru", "countryCode": "NR", "type": "country", "population": 10101}
{"gdp": 0, "updated": "2015-09-29T16:06:20", "region-number": 990, "name": "Neutral Zone", "countryCode": "NT", "type": "country", "population": 0}
{"gdp": 0, "updated": "2015-09-24T07:15:05", "region-number": 61, "name": "Niue", "countryCode": "NU", "type": "country", "population": 1268}
{"gdp": 40956, "updated": "2015-09-08T05:38:35", "region-number": 53, "name": "New Zealand", "countryCode": "NZ", "type": "country", "population": 4599633.0}
{"gdp": 19251, "updated": "2015-09-01T19:31:01", "region-number": 145, "name": "Oman", "countryCode": "OM", "type": "country", "population": 4248901.0}
{"gdp": 11576, "updated": "2015-09-26T20:59:13", "region-number": 13, "name": "Panama", "countryCode": "PA", "type": "country", "population": 3992110.0}
{"gdp": 6509, "updated": "2015-09-11T21:27:56", "region-number": 5, "name": "Peru", "countryCode": "PE", "type": "country", "population": 31171739.0}
{"gdp": 0, "updated": "2015-09-24T08:14:56", "region-number": 61, "name": "French Polynesia", "countryCode": "PF", "type": "country", "population": 282946}
{"gdp": 2016, "updated": "2015-09-20T22:31:18", "region-number": 54, "name": "Papua New Guinea", "countryCode": "PG", "type": "country", "population": 7642282.0}
{"gdp": 2793, "updated": "2015-09-23T23:40:43", "region-number": 35, "name": "Philippines", "countryCode": "PH", "type": "country", "population": 101881614.0}
{"gdp": 1310, "updated": "2015-09-22T02:14:51", "region-number": 34, "name": "Pakistan", "countryCode": "PK", "type": "country", "population": 188334356.0}
{"gdp": 14336, "updated": "2015-09-14T00:54:26", "region-number": 151, "name": "Poland", "countryCode": "PL", "type": "country", "population": 38225318.0}
{"gdp": 0, "updated": "2015-09-30T17:36:53", "region-number": 21, "name": "Saint Pierre and Miquelon", "countryCode": "PM", "type": "country", "population": 6046}
{"gdp": 0, "updated": "2015-09-08T18:12:27", "region-number": 61, "name": "Pitcairn", "countryCode": "PN", "type": "country", "population": 56}
{"gdp": 28045, "updated": "2015-09-24T03:56:48", "region-number": 29, "name": "Puerto Rico", "countryCode": "PR", "type": "country", "population": 3677465.0}
{"gdp": 0, "updated": "2015-09-20T06:47:10", "region-number": 145, "name": "Occupied Palestinian Territory", "countryCode": "PS", "type": "country", "population": 4552203.0}
{"gdp": 21629, "updated": "2015-09-17T00:04:42", "region-number": 39, "name": "Portugal", "countryCode": "PT", "type": "country", "population": 10614502.0}
{"gdp": 0, "updated": "2015-09-07T07:44:27", "region-number": 57, "name": "Palau", "countryCode": "PW", "type": "country", "population": 21270}
{"gdp": 4401, "updated": "2015-09-24T13:05:30", "region-number": 5, "name": "Paraguay", "countryCode": "PY", "type": "country", "population": 7040011.0}
{"gdp": 87988, "updated": "2015-09-10T14:23:31", "region-number": 145, "name": "Qatar", "countryCode": "QA", "type": "country", "population": 2407316.0}
{"gdp": 0, "updated": "2015-09-06T05:12:44", "region-number": 14, "name": "Reunion", "countryCode": "RE", "type": "country", "population": 896038}
{"gdp": 9222, "updated": "2015-09-07T07:08:03", "region-number": 151, "name": "Romania", "countryCode": "RO", "type": "country", "population": 21581591.0}
{"gdp": 4655, "updated": "2015-09-23T12:19:54", "region-number": 39, "name": "Serbia", "countryCode": "RS", "type": "country", "population": 9422245.0}
{"gdp": 13088, "updated": "2015-09-16T11:58:11", "region-number": 151, "name": "Russian Federation", "countryCode": "RU", "type": "country", "population": 142151724.0}
{"gdp": 633, "updated": "2015-09-27T19:07:24", "region-number": 14, "name": "Rwanda", "countryCode": "RW", "type": "country", "population": 12445215.0}
{"gdp": 24929, "updated": "2015-09-04T23:11:30", "region-number": 145, "name": "Saudi Arabia", "countryCode": "SA", "type": "country", "population": 29934480.0}
{"gdp": 1978, "updated": "2015-09-16T11:06:49", "region-number": 54, "name": "Solomon Islands", "countryCode": "SB", "type": "country", "population": 585342}
{"gdp": 14982, "updated": "2015-09-15T08:29:58", "region-number": 14, "name": "Seychelles", "countryCode": "SC", "type": "country", "population": 93841}
{"gdp": 1863, "updated": "2015-09-30T22:24:20", "region-number": 15, "name": "Sudan", "countryCode": "SD", "type": "country", "population": 39614415.0}
{"gdp": 58843, "updated": "2015-09-12T16:05:14", "region-number": 154, "name": "Sweden", "countryCode": "SE", "type": "country", "population": 9696738.0}
{"gdp": 54653, "updated": "2015-09-08T15:25:54", "region-number": 35, "name": "Singapore", "countryCode": "SG", "type": "country", "population": 5633127.0}
{"gdp": 0, "updated": "2015-09-12T01:23:13", "region-number": 11, "name": "Saint Helena, Ascension, and Tristan da Cunha", "countryCode": "SH", "type": "country", "population": 4095}
{"gdp": 23748, "updated": "2015-09-04T00:31:07", "region-number": 39, "name": "Slovenia", "countryCode": "SI", "type": "country", "population": 2080800.0}
{"gdp": 0, "updated": "2015-09-05T22:05:38", "region-number": 154, "name": "Svalbard and Jan Mayen Islands", "countryCode": "SJ", "type": "country", "population": 0}
{"gdp": 0, "updated": "2015-09-09T12:21:27", "region-number": 151, "name": "Slovakia", "countryCode": "SK", "type": "country", "population": 5459264.0}
{"gdp": 773, "updated": "2015-09-19T12:42:52", "region-number": 11, "name": "Sierra Leone", "countryCode": "SL", "type": "country", "population": 6326773.0}
{"gdp": 0, "updated": "2015-09-13T08:07:47", "region-number": 39, "name": "San Marino", "countryCode": "SM", "type": "country", "population": 31835}
{"gdp": 1039, "updated": "2015-10-01T10:55:37", "region-number": 11, "name": "Senegal", "countryCode": "SN", "type": "country", "population": 14986649.0}
{"gdp": 0, "updated": "2015-09-19T21:23:42", "region-number": 14, "name": "Somalia", "countryCode": "SO", "type": "country", "population": 11128405.0}
{"gdp": 9654, "updated": "2015-09-07T15:40:37", "region-number": 5, "name": "Suriname", "countryCode": "SR", "type": "country", "population": 548886}
{"gdp": 1068, "updated": "2015-09-22T06:32:27", "region-number": 15, "name": "South Sudan", "countryCode": "SS", "type": "country", "population": 12229641.0}
{"gdp": 0, "updated": "2015-09-20T02:51:59", "region-number": 17, "name": "Sao Tome and Principe", "countryCode": "ST", "type": "country", "population": 203199}
{"gdp": 3923, "updated": "2015-09-06T01:38:30", "region-number": 13, "name": "El Salvador", "countryCode": "SV", "type": "country", "population": 6427417.0}
{"gdp": 0, "updated": "2015-09-11T00:23:31", "region-number": 29, "name": "Saint Maarten", "countryCode": "SX", "type": "country", "population": 47029}
{"gdp": 0, "updated": "2015-09-18T04:57:35", "region-number": 145, "name": "Syrian Arab Republic", "countryCode": "SY", "type": "country", "population": 22139750.0}
{"gdp": 2641, "updated": "2015-09-20T10:27:25", "region-number": 18, "name": "Swaziland", "countryCode": "SZ", "type": "country", "population": 1287382.0}
{"gdp": 0, "updated": "2015-09-26T06:24:35", "region-number": 29, "name": "Turks and Caicos Islands", "countryCode": "TC", "type": "country", "population": 34456}
{"gdp": 1022, "updated": "2015-09-24T21:15:07", "region-number": 17, "name": "Chad", "countryCode": "TD", "type": "country", "population": 13621292.0}
{"gdp": 0, "updated": "2015-09-21T21:47:50", "region-number": 990, "name": "French Southern Territories", "countryCode": "TF", "type": "country", "population": 140}
{"gdp": 629, "updated": "2015-09-29T01:57:52", "region-number": 11, "name": "Togo", "countryCode": "TG", "type": "country", "population": 7180356.0}
{"gdp": 5543, "updated": "2015-09-17T14:14:08", "region-number": 35, "name": "Thailand", "countryCode": "TH", "type": "country", "population": 67431529.0}
{"gdp": 1072, "updated": "2015-09-05T08:52:37", "region-number": 143, "name": "Tajikistan", "countryCode": "TJ", "type": "country", "population": 8621244.0}
{"gdp": 0, "updated": "2015-09-24T03:36:59", "region-number": 61, "name": "Tokelau", "countryCode": "TK", "type": "country", "population": 1247}
{"gdp": 1323, "updated": "2015-09-27T11:12:20", "region-number": 35, "name": "Timor-Leste", "countryCode": "TL", "type": "country", "population": 1172320.0}
{"gdp": 8913, "updated": "2015-09-19T20:38:52", "region-number": 143, "name": "Turkmenistan", "countryCode": "TM", "type": "country", "population": 5377563.0}
{"gdp": 4179, "updated": "2015-09-10T23:29:14", "region-number": 15, "name": "Tunisia", "countryCode": "TN", "type": "country", "population": 11244673.0}
{"gdp": 0, "updated": "2015-09-30T08:26:32", "region-number": 61, "name": "Tonga", "countryCode": "TO", "type": "country", "population": 106260}
{"gdp": 10410, "updated": "2015-09-27T22:49:00", "region-number": 145, "name": "Turkey", "countryCode": "TR", "type": "country", "population": 76803412.0}
{"gdp": 18124, "updated": "2015-09-24T10:01:26", "region-number": 29, "name": "Trinidad and Tobago", "countryCode": "TT", "type": "country", "population": 1348126.0}
{"gdp": 0, "updated": "2015-09-23T12:40:54", "region-number": 61, "name": "Tuvalu", "countryCode": "TV", "type": "country", "population": 9913}
{"gdp": 0, "updated": "2015-09-17T13:08:42", "region-number": 30, "name": "Taiwan", "countryCode": "TW", "type": "country", "population": 23440979.0}
{"gdp": 939, "updated": "2015-10-01T00:37:24", "region-number": 14, "name": "United Republic of Tanzania", "countryCode": "TZ", "type": "country", "population": 52350687.0}
{"gdp": 2951, "updated": "2015-09-23T02:39:50", "region-number": 151, "name": "Ukraine", "countryCode": "UA", "type": "country", "population": 44651684.0}
{"gdp": 654, "updated": "2015-09-12T16:52:04", "region-number": 14, "name": "Uganda", "countryCode": "UG", "type": "country", "population": 40190500.0}
{"gdp": 0, "updated": "2015-09-02T00:35:41", "region-number": 154, "name": "Great Britain", "countryCode": "UK", "type": "country", "population": 0}
{"gdp": 0, "updated": "2015-09-16T09:47:28", "region-number": 990, "name": "United States Minor Outlying Islands", "countryCode": "UM", "type": "country", "population": 315}
{"gdp": 53548, "updated": "2015-09-25T14:49:44", "region-number": 21, "name": "United States of America", "countryCode": "US", "type": "country", "population": 325296592.0}
{"gdp": 16751, "updated": "2015-09-27T12:23:17", "region-number": 5, "name": "Uruguay", "countryCode": "UY", "type": "country", "population": 3430831.0}
{"gdp": 2106, "updated": "2015-09-12T10:22:05", "region-number": 143, "name": "Uzbekistan", "countryCode": "UZ", "type": "country", "population": 29737381.0}
{"gdp": 0, "updated": "2015-09-13T19:24:31", "region-number": 39, "name": "Holy See", "countryCode": "VA", "type": "country", "population": 799}
{"gdp": 0, "updated": "2015-09-23T09:35:02", "region-number": 29, "name": "Saint Vincent and the Grenadines", "countryCode": "VC", "type": "country", "population": 109384}
{"gdp": 0, "updated": "2015-09-10T09:38:48", "region-number": 5, "name": "Venezuela", "countryCode": "VE", "type": "country", "population": 31330562.0}
{"gdp": 0, "updated": "2015-09-18T16:19:03", "region-number": 29, "name": "British Virgin Islands", "countryCode": "VG", "type": "country", "population": 28897}
{"gdp": 0, "updated": "2015-09-27T05:26:59", "region-number": 29, "name": "United States Virgin Islands", "countryCode": "VI", "type": "country", "population": 106901}
{"gdp": 1992, "updated": "2015-09-25T02:45:46", "region-number": 35, "name": "Vietnam", "countryCode": "VN", "type": "country", "population": 93465223.0}
{"gdp": 0, "updated": "2015-09-29T09:35:52", "region-number": 54, "name": "Vanuatu", "countryCode": "VU", "type": "country", "population": 264241}
{"gdp": 0, "updated": "2015-09-03T15:05:02", "region-number": 61, "name": "Wallis and Futuna Islands", "countryCode": "WF", "type": "country", "population": 13121}
{"gdp": 0, "updated": "2015-09-20T20:39:38", "region-number": 61, "name": "Samoa", "countryCode": "WS", "type": "country", "population": 193347}
{"gdp": 0, "updated": "2015-09-04T07:02:38", "region-number": 145, "name": "Yemen", "countryCode": "YE", "type": "country", "population": 25565864.0}
{"gdp": 0, "updated": "2015-09-29T04:12:05", "region-number": 14, "name": "Mayotte", "countryCode": "YT", "type": "country", "population": 234502}
{"gdp": 6530, "updated": "2015-09-15T16:28:05", "region-number": 18, "name": "South Africa", "countryCode": "ZA", "type": "country", "population": 53569390.0}
{"gdp": 1743, "updated": "2015-09-10T16:59:15", "region-number": 14, "name": "Zambia", "countryCode": "ZM", "type": "country", "population": 15523304.0}
{"gdp": 909, "updated": "2015-09-26T14:56:27", "region-number": 14, "name": "Zimbabwe", "countryCode": "ZW", "type": "country", "population": 15025665.0}
{"gdp": 0, "updated": "2015-09-26T08:36:51", "region-number": 990, "name": "Historial and Legacy", "countryCode": "ZZ", "type": "country", "population": 0}
