{
  "ratings": [
    {
      "username": "brambliertypo75631",
      "rating": 1,
      "created": "2015-08-18T18:07:40"
    },
    {
      "username": "spearheadingswat92804",
      "rating": 4,
      "created": "2015-08-19T07:31:57"
    },
    {
      "username": "libidinizeddepleting17126",
      "rating": 1,
      "created": "2015-08-19T08:30:36"
    },
    {
      "username": "croakerraisiny16166",
      "rating": 3,
      "created": "2015-08-20T05:25:07"
    },
    {
      "username": "reshufflesnonplussing45000",
      "rating": 5,
      "created": "2015-08-20T22:12:47"
    },
    {
      "username": "lightnots66650",
      "rating": 1,
      "created": "2015-08-21T19:55:13"
    },
    {
      "username": "reconnoiteruterine63108",
      "rating": 3,
      "created": "2015-08-21T20:29:34"
    },
    {
      "username": "originalsstylist66049",
      "rating": 1,
      "created": "2015-08-22T15:01:26"
    }
  ],
  "updated": "2015-08-17T21:00:36",
  "created": "2015-08-17T21:00:36",
  "avg_rating": 2.375,
  "artist": "Billy Vaughn",
  "mp3": "https://stream.song365.co/h/227420/Billy%20Vaughn%20-%20Cocoanut%20Grove_(song365.cc).mp3",
  "genre": "Orchestral Pop",
  "title": "Cocoanut Grove",
  "type": "track",
  "id": "00003466BBCDD2242E13D71F075D01458B8910FE"
}