{
  "status": "active",
  "picture": {
    "large": "https://randomuser.me/api/portraits/women/88.jpg",
    "medium": "https://randomuser.me/api/portraits/med/women/88.jpg",
    "thumbnail": "https://randomuser.me/api/portraits/thumb/women/88.jpg"
  },
  "gender": "female",
  "firstName": "Delores",
  "created": "2015-01-18T10:58:26",
  "phones": [
    {
      "type": "home",
      "verified": "2015-09-16T07:02:39",
      "number": "(943)-434-3888"
    }
  ],
  "address": {
    "postalCode": 63450,
    "city": "warren",
    "state": "oregon",
    "street": "6174 elgin st",
    "countryCode": "US"
  },
  "updated": "2015-08-25T10:28:37",
  "username": "aahingeffeteness42037",
  "dateOfBirth": "1983-07-12",
  "pwd": "636172626f6e",
  "favoriteGenres": [
    "Classical Crossover",
    "Contemporary Blues",
    "French Pop",
    "Progressive Bluegrass"
  ],
  "lastName": "Riley",
  "title": "Mrs",
  "type": "userprofile",
  "email": "delores.riley@hotmail.com"
}